StartDate,EndDate,Status,IPAddress,Progress,Duration (in seconds),Finished,RecordedDate,ResponseId,RecipientLastName,RecipientFirstName,RecipientEmail,ExternalReference,LocationLatitude,LocationLongitude,DistributionChannel,UserLanguage,Q0_Consent,Q199,Q914,Q917,SELakeEval,SECouchEval,SERunningEval,SEWidowEval,CIDoorEval,CIChocolateEval,CIHungryEval,CIDarkEval,BEHViciousEval,BEHRecklessEval,BEHManipulativeEval,BEHSelfishEval,BEHCruelEval,BEHRudeEval,BEHVirtuousEval,BEHCourageousEval,BEHHonestEval,BEHGenerousEval,BEHCompassionateEval,BEHFriendlyEval,ATTVirtuousEval,ATTCourageousEval,ATTHonestEval,ATTGenerousEval,ATTCompassionateEval,ATTFriendlyEval,ATTViciousEval,ATTRecklessEval,ATTManipulativeEval,ATTSelfishEval,ATTCruelEval,ATTRudeEval,Situation,Gender,Language,Age,FL_4_DO,FL_11_DO,FL_12_DO,FL_13_DO,FL_14_DO,FL_15_DO,FL_16_DO
Start Date,End Date,Response Type,IP Address,Progress,Duration (in seconds),Finished,Recorded Date,Response ID,Recipient Last Name,Recipient First Name,Recipient Email,External Data Reference,Location Latitude,Location Longitude,Distribution Channel,User Language,"Research Informed Consent
 
 

  

 Purpose:

 We are conducting a research study to examine people’s ordinary intuitions about how they use words in their everyday life.

  

 Procedures:

 Participation in this study will involve filling out a brief questionnaire.  We anticipate that your involvement will require around 3 to 5 minutes.  You must be at least 18 years old to participate. 

  

 Risks and Benefits:
This research will not benefit you directly, but we
 hope that our results will add to scientific knowledge about people’s 
ordinary intuitions about morality. 

  

 Confidentiality:

 All of your responses will be anonymous.  

  

 Voluntary Participation:

 Participation in this study is completely voluntary.  You
 are free to decline to participate, to end participation at any time 
for any reason.

  

 Questions:

 If you have any questions about this study, you may contact the 
investigator, Pascale Willemsen, by sending an email to pascale.willemsen@philos.uzh.ch
  

  

  

  Do you voluntarily consent to participate in this study?",Please enter your Prolific ID.,Does Frank contradict himself?,Does John contradict himself?,Does Bradley contradict himself?,Does Bradley contradict himself?,Does Hannah contradict herself?,Does Charlotte contradict herself?,Does Luke contradict himself?,Does Luke contradict himself?,Does Helen contradict herself?,Does Helen contradict herself?,Does Sally contradict herself?,Does Sally contradict herself?,Does Sally contradict herself?,Does Brent contradict himself?,Does Brent contradict himself?,Does Brent contradict himself?,Does Jenny contradict herself?,Does Jenny contradict herself?,Does Jenny contradict herself?,Does Stan contradict himself?,Does Stan contradict himself?,Does Stan contradict himself?,Does Zoe contradict herself?,Does Zoe contradict herself?,Does Zoe contradict herself?,Does Tom contradict himself?,Does Tom contradict himself?,Does Tom contradict himself?,Does Liz contradict herself?,Does Liz contradict herself?,Does Liz contradict herself?,Does Bob contradict himself?,Does Bob contradict himself?,Does Bob contradict himself?,Please think again about the very last answer you just gave. Please tell us in what situation someone could have made this statement.,Please tell us with which gender you identify.,What is your native language?,How old are you?,FL_4 - Block Randomizer - Display Order,FL_11 - Block Randomizer - Display Order,FL_12 - Block Randomizer - Display Order,FL_13 - Block Randomizer - Display Order,FL_14 - Block Randomizer - Display Order,FL_15 - Block Randomizer - Display Order,FL_16 - Block Randomizer - Display Order
"{""ImportId"":""startDate"",""timeZone"":""Europe/Berlin""}","{""ImportId"":""endDate"",""timeZone"":""Europe/Berlin""}","{""ImportId"":""status""}","{""ImportId"":""ipAddress""}","{""ImportId"":""progress""}","{""ImportId"":""duration""}","{""ImportId"":""finished""}","{""ImportId"":""recordedDate"",""timeZone"":""Europe/Berlin""}","{""ImportId"":""_recordId""}","{""ImportId"":""recipientLastName""}","{""ImportId"":""recipientFirstName""}","{""ImportId"":""recipientEmail""}","{""ImportId"":""externalDataReference""}","{""ImportId"":""locationLatitude""}","{""ImportId"":""locationLongitude""}","{""ImportId"":""distributionChannel""}","{""ImportId"":""userLanguage""}","{""ImportId"":""QID1""}","{""ImportId"":""QID910_TEXT""}","{""ImportId"":""QID914""}","{""ImportId"":""QID917""}","{""ImportId"":""QID876""}","{""ImportId"":""QID874""}","{""ImportId"":""QID870""}","{""ImportId"":""QID872""}","{""ImportId"":""QID883""}","{""ImportId"":""QID882""}","{""ImportId"":""QID878""}","{""ImportId"":""QID880""}","{""ImportId"":""QID889""}","{""ImportId"":""QID887""}","{""ImportId"":""QID891""}","{""ImportId"":""QID893""}","{""ImportId"":""QID895""}","{""ImportId"":""QID897""}","{""ImportId"":""QID903""}","{""ImportId"":""QID909""}","{""ImportId"":""QID899""}","{""ImportId"":""QID907""}","{""ImportId"":""QID905""}","{""ImportId"":""QID901""}","{""ImportId"":""QID721""}","{""ImportId"":""QID733""}","{""ImportId"":""QID781""}","{""ImportId"":""QID745""}","{""ImportId"":""QID757""}","{""ImportId"":""QID769""}","{""ImportId"":""QID713""}","{""ImportId"":""QID727""}","{""ImportId"":""QID868""}","{""ImportId"":""QID739""}","{""ImportId"":""QID751""}","{""ImportId"":""QID763""}","{""ImportId"":""QID784_TEXT""}","{""ImportId"":""QID224""}","{""ImportId"":""QID225_TEXT""}","{""ImportId"":""QID226_TEXT""}","{""ImportId"":""FL_4_DO""}","{""ImportId"":""FL_11_DO""}","{""ImportId"":""FL_12_DO""}","{""ImportId"":""FL_13_DO""}","{""ImportId"":""FL_14_DO""}","{""ImportId"":""FL_15_DO""}","{""ImportId"":""FL_16_DO""}"
2020-08-04 12:20:37,2020-08-04 12:24:20,1,,100,222,1,2020-08-04 12:24:21,R_11bC2sBefKtfgjm,,,,,47.36639404296875,8.554595947265625,preview,EN,1,,1,9,,8,,,,,,1,,,,5,,,,,,,6,,,,,,7,,,,,,3,,gegmkjgjenrngjerbgjberbjberjbngjnerjngjnerjg,,E,0,FL_13|FL_14|FL_16|FL_15|FL_12|FL_11,SECouch,CIDark,BEHSelfish,BEHCompassionate,ATTCompassionate,ATTCruel
2020-08-04 16:14:53,2020-08-04 16:17:22,1,,100,148,1,2020-08-04 16:17:23,R_1GHb9G8osopBdJV,,,,,47.36639404296875,8.554595947265625,preview,EN,1,,8,8,,,,9,2,,,,,,,,8,,5,,,,,,,,5,,,,,,,8,,,etrertzertzertzertzertz,,Eng,23,FL_16|FL_15|FL_11|FL_14|FL_12|FL_13,SEWidow,CIDoor,BEHCruel,BEHVirtuous,ATTHonest,ATTSelfish
2020-08-04 17:15:24,2020-08-04 17:18:06,1,,100,161,1,2020-08-04 17:18:06,R_27pPEb9qGH1VkeQ,,,,,47.36639404296875,8.554595947265625,preview,EN,1,dfgdfgdfgdfgsf,3,8,,9,,,3,,,,,,,,8,,,,,,,6,,,,6,,,,9,,,,,fghjfghjfghjgfhjfghjfhjfghjfghj,1,GERMAN,41,FL_15|FL_13|FL_11|FL_16|FL_12|FL_14,SECouch,CIDoor,BEHCruel,BEHFriendly,ATTGenerous,ATTReckless
2020-08-04 18:07:59,2020-08-04 18:11:36,0,94.0.157.210,100,216,1,2020-08-04 18:11:36,R_3kdB3CkKB6aczmj,,,,,51.1385955810546875,-3.0001068115234375,anonymous,EN,1,5d4eba3522742f0016835356,7,2,,,9,,,,,2,,,2,,,,,,,8,,,2,,,,,,,,,,,8,Within the workplace between colleagues,2,English,34,FL_13|FL_11|FL_15|FL_12|FL_14|FL_16,SERunning,CIDark,BEHManipulative,BEHGenerous,ATTVirtuous,ATTRude
2020-08-04 18:07:38,2020-08-04 18:11:51,0,213.105.99.225,100,253,1,2020-08-04 18:11:51,R_2xxHXaRZJGcqupM,,,,,52.0850067138671875,-0.2682952880859375,anonymous,EN,1,5ea1b00819b84707cf74298f,1,9,,,9,,,,1,,,,,8,,,,,,,8,,,,,,,7,,,,,,9,"You might be hungry but on a diet or wanting to wait for a meal later, hence being hungry doesn’t mean you want to eat right that minute.",2,"English ",25,FL_16|FL_15|FL_11|FL_13|FL_14|FL_12,SERunning,CIHungry,BEHSelfish,BEHCompassionate,ATTFriendly,ATTRude
2020-08-04 18:08:51,2020-08-04 18:12:15,0,173.52.234.11,100,204,1,2020-08-04 18:12:15,R_b2fDBrsS7mJ2Oop,,,,,40.9673004150390625,-73.841796875,anonymous,EN,1,5c7ff19c9c3fc00016f4ecb5,9,9,,9,,,,,,1,,,,,9,,,,,9,,,,,5,,,,,1,,,,,"being honest though being good can sometime be bad as well. ",1,English,39,FL_11|FL_14|FL_12|FL_16|FL_13|FL_15,SECouch,CIDark,BEHCruel,BEHGenerous,ATTHonest,ATTReckless
2020-08-04 18:10:40,2020-08-04 18:12:39,0,73.63.211.101,100,118,1,2020-08-04 18:12:40,R_A0ANLRzJ0hcyitj,,,,,37.3697967529296875,-121.81600189208984375,anonymous,EN,1,5b6ce9b4c5cad000013d490d,3,6,,,,9,,1,,,,,,,,7,,3,,,,,,3,,,,,,,,3,,,They were talking about a person and their marriage situation.,1,English,21,FL_15|FL_14|FL_13|FL_16|FL_12|FL_11,SEWidow,CIChocolate,BEHRude,BEHCourageous,ATTCourageous,ATTSelfish
2020-08-04 18:09:36,2020-08-04 18:13:08,0,86.138.107.192,100,211,1,2020-08-04 18:13:08,R_2QxpiPZWQyZObYf,,,,,51.4351043701171875,-2.541900634765625,anonymous,EN,1,5d0b667e2d40560016fe182a,9,9,9,,,,1,,,,2,,,,,,,,,,,8,,,,,,7,,,,,9,,In a situation where someone is trying to describe someone in a neutral manner,1,English,19,FL_15|FL_12|FL_14|FL_13|FL_11|FL_16,SELake,CIDoor,BEHVicious,BEHFriendly,ATTFriendly,ATTCruel
2020-08-04 18:12:43,2020-08-04 18:15:11,0,90.255.76.74,100,147,1,2020-08-04 18:15:11,R_pui6QeygpvIzDbz,,,,,51.4756011962890625,-2.1985015869140625,anonymous,EN,1,57894f70275be60001359168,1,9,4,,,,,,1,,,1,,,,,2,,,,,,,,,1,,,6,,,,,,The person could have only been showing virtue in order to look better/to make up for something bad they had already done,1,English,22,FL_13|FL_15|FL_16|FL_12|FL_11|FL_14,SELake,CIHungry,BEHReckless,BEHVirtuous,ATTGenerous,ATTVicious
2020-08-04 18:14:57,2020-08-04 18:16:59,0,90.249.97.151,100,121,1,2020-08-04 18:16:59,R_1ooPK1QtgT8isRn,,,,,53.649993896484375,-1.8166961669921875,anonymous,EN,1,5ef3c5d44263311730239df4,5,9,,,6,,,5,,,,7,,,,,,,,,7,,,,,5,,,,,,,,5,"In any day to day situation ",2,"English ",23,FL_13|FL_14|FL_12|FL_16|FL_15|FL_11,SERunning,CIChocolate,BEHReckless,BEHCompassionate,ATTGenerous,ATTRude
2020-08-04 18:13:09,2020-08-04 18:18:01,0,94.8.117.128,100,291,1,2020-08-04 18:18:01,R_2VymzZWqJ9RnUeq,,,,,51.00750732421875,-3.10150146484375,anonymous,EN,1,5e663c211cbc9739b7573583,1,9,,,9,,,,,1,,,9,,,,,,9,,,,9,,,,,,,,8,,,,"It could be said in an workplace, said by a colleague or manager about their performance or reaction to something that has happened.",2,English,26,FL_13|FL_11|FL_16|FL_12|FL_14|FL_15,SERunning,CIDark,BEHManipulative,BEHHonest,ATTVirtuous,ATTManipulative
2020-08-04 18:14:00,2020-08-04 18:18:08,0,92.40.170.145,100,248,1,2020-08-04 18:18:08,R_xi1zwGsYsdPwtH3,,,,,51.49639892578125,-0.122406005859375,anonymous,EN,1,5e33cd65334b21391ea61205,3,9,3,,,,,,,2,,,,8,,,,,1,,,,,,,,,7,,,9,,,,I think it depends on the context,2,"English ",42,FL_11|FL_14|FL_13|FL_12|FL_16|FL_15,SELake,CIDark,BEHSelfish,BEHHonest,ATTFriendly,ATTManipulative
2020-08-04 18:13:38,2020-08-04 18:18:15,0,142.162.52.128,100,277,1,2020-08-04 18:18:15,R_325CLwCaFU3yD4q,,,,,45.9019927978515625,-66.7057037353515625,anonymous,EN,1,5c3ac7504b1ed90001baad3a,1,9,,,,9,,,1,,9,,,,,,9,,,,,,,,,,9,,,9,,,,,"Eating is a need that will happen, being hungry may precipitate that action but it is not a necessity to eat right away.  ",1,English,38,FL_15|FL_13|FL_11|FL_16|FL_14|FL_12,SEWidow,CIHungry,BEHVicious,BEHVirtuous,ATTCompassionate,ATTReckless
2020-08-04 18:12:01,2020-08-04 18:19:05,0,70.31.23.185,100,424,1,2020-08-04 18:19:05,R_12gX9mDdPCf5fCI,,,,,46.336395263671875,-79.58300018310546875,anonymous,EN,1,5f0da6754f4a2a0009eb68ae,1,9,,9,,,1,,,,,,,,,9,9,,,,,,,9,,,,,3,,,,,,"It was contradictory , I'm not sure someone could make this statement . ",1,English,49,FL_13|FL_11|FL_16|FL_14|FL_12|FL_15,SECouch,CIDoor,BEHRude,BEHVirtuous,ATTCourageous,ATTVicious
2020-08-04 18:13:32,2020-08-04 18:19:09,0,86.8.246.172,100,336,1,2020-08-04 18:19:09,R_wLeb7YkLuZzR9yF,,,,,51.476898193359375,-2.5561065673828125,anonymous,EN,1,593c25fc048d06000182f21b,1,9,,9,,,,,,1,,,,,9,,,8,,,,,,,1,,,,,,,8,,,If someone was hiding or afraid of disturbing the occupant of a house they might not want to turn on the lights.,2,English,68,FL_13|FL_16|FL_15|FL_14|FL_11|FL_12,SECouch,CIDark,BEHCruel,BEHCourageous,ATTHonest,ATTSelfish
2020-08-04 18:15:20,2020-08-04 18:19:12,0,81.106.46.160,100,232,1,2020-08-04 18:19:13,R_3PCbh8PNnstwcbE,,,,,51.532196044921875,-0.0980072021484375,anonymous,EN,1,5defd6780f20a803007a50d0,9,9,,,,9,1,,,,,,6,,,,,,,9,,,,,,,9,,,,,,6,,Someone could make that statement in a situation where the emotions described could be interpreted in a less ambiguous or vague fashion.,1,English,20,FL_12|FL_11|FL_16|FL_14|FL_13|FL_15,SEWidow,CIDoor,BEHManipulative,BEHGenerous,ATTCompassionate,ATTCruel
2020-08-04 18:14:39,2020-08-04 18:19:21,0,24.207.97.223,100,282,1,2020-08-04 18:19:21,R_8vmTTWPr4RbvuyB,,,,,49.399993896484375,-123.5,anonymous,EN,1,5eacb1435ed84c0008c112d1,1,1,,9,,,,1,,,,,,4,,,,,,,,7,,,,,,9,,,,,,8,"If you were showing your new living space and you were showing off your couch but you viewed it as a piece of art rather than a piece of furniture ",2,"English ",38,FL_12|FL_13|FL_16|FL_14|FL_15|FL_11,SECouch,CIChocolate,BEHSelfish,BEHFriendly,ATTFriendly,ATTRude
2020-08-04 18:16:17,2020-08-04 18:19:26,0,78.19.40.206,100,188,1,2020-08-04 18:19:26,R_22kW78aiMX4oVNQ,,,,,53.7151947021484375,-6.34320068359375,anonymous,EN,1,591b4896494bb700018d454f,1,9,8,,,,,,1,,,3,,,,,,,,,,7,,,8,,,,,6,,,,,"Someone may say this in a joking or laughing manner. They may not actually view the person as being bad or having negative behaviour just because they are reckless. ",2,English,28,FL_11|FL_14|FL_13|FL_12|FL_15|FL_16,SELake,CIHungry,BEHReckless,BEHFriendly,ATTHonest,ATTReckless
2020-08-04 18:17:21,2020-08-04 18:20:15,0,90.215.199.166,100,174,1,2020-08-04 18:20:15,R_V1OHKPzVsrIxCgx,,,,,53.7245025634765625,-1.539703369140625,anonymous,EN,1,5c606005fe6bce0001314eab,9,9,,9,,,2,,,,,,5,,,,,,,7,,,,,,,7,,,,5,,,,he may have been drawing someone's attention to a new door,2,english,35,FL_13|FL_16|FL_14|FL_15|FL_11|FL_12,SECouch,CIDoor,BEHManipulative,BEHGenerous,ATTCompassionate,ATTManipulative
2020-08-04 18:16:33,2020-08-04 18:20:28,0,213.205.194.56,100,235,1,2020-08-04 18:20:28,R_1OT8i5Au7Po4oB0,,,,,51.3488006591796875,-0.0321044921875,anonymous,EN,1,5eb87c85159f6c0d98242a20,9,6,,,,9,,1,,,,,,,,9,,,,,1,,5,,,,,,,,,9,,,"I was upset that day, but by saying that it doesn’t mean I was in a negative mood ",1,"English ",22,FL_14|FL_16|FL_15|FL_12|FL_13|FL_11,SEWidow,CIChocolate,BEHRude,BEHCompassionate,ATTVirtuous,ATTSelfish
2020-08-04 18:15:31,2020-08-04 18:20:38,0,92.16.27.69,100,306,1,2020-08-04 18:20:38,R_3pbAkTI28qPCgYX,,,,,53.75,-2.7295074462890625,anonymous,EN,1,58728ca3a346230001067aa6,1,9,,,,9,1,,,,,,,,8,,,9,,,,,,9,,,,,,,,,9,,Saying that someone is cruel is a saying something negative about them so I think it is a contradiction,2,English,50,FL_15|FL_11|FL_13|FL_14|FL_12|FL_16,SEWidow,CIDoor,BEHCruel,BEHCourageous,ATTCourageous,ATTCruel
2020-08-04 18:17:25,2020-08-04 18:21:43,0,174.115.220.123,100,258,1,2020-08-04 18:21:44,R_1ex8InQyk3k0KIN,,,,,45.3804931640625,-75.76360321044921875,anonymous,EN,1,575ec4be3fc3ac000611df4c,6,9,,,9,,,,5,,9,,,,,,,,1,,,,,,,9,,,9,,,,,,"Someone could be hungry but not want to (or be able to) eat, it is not an absolute contradiction ",1,English,26,FL_11|FL_14|FL_15|FL_13|FL_12|FL_16,SERunning,CIHungry,BEHVicious,BEHHonest,ATTGenerous,ATTVicious
2020-08-04 18:18:41,2020-08-04 18:22:04,0,94.12.119.171,100,203,1,2020-08-04 18:22:04,R_3q14VvwWQgwVaW5,,,,,51.4745941162109375,-0.0924072265625,anonymous,EN,1,5d78c2ac59eb5c00190379ce,7,9,,,2,,,,,3,9,,,,,,,,,,,8,,,,,,9,,,,,,9,If they were intending it to be dark - for instance to show off that somethings glows in the dark,2,English,37,FL_11|FL_14|FL_13|FL_15|FL_16|FL_12,SERunning,CIDark,BEHVicious,BEHFriendly,ATTFriendly,ATTRude
2020-08-04 18:17:51,2020-08-04 18:22:32,0,86.5.214.8,100,280,1,2020-08-04 18:22:32,R_NW1D7qKtIB1HAlP,,,,,53.4344024658203125,-2.2664031982421875,anonymous,EN,1,5c2dce3f89f035000175f05c,2,9,,,9,,,,5,,,,,,9,,,9,,,,,,,8,,,,,,9,,,,Maybe if Becky was being negative but this was interpreted differently.,2,English,23,FL_13|FL_15|FL_11|FL_12|FL_14|FL_16,SERunning,CIHungry,BEHCruel,BEHCourageous,ATTHonest,ATTManipulative
2020-08-04 18:17:50,2020-08-04 18:22:54,0,82.29.177.231,100,304,1,2020-08-04 18:22:54,R_22ojeMalUR9Or63,,,,,53.4994049072265625,-2.2433013916015625,anonymous,EN,1,5ed4548a59214e414465b833,1,1,,,,6,,,,1,,,1,,,,,,9,,,,8,,,,,,,1,,,,,"""Married to died"". What does that mean? ",1,English,19,FL_13|FL_16|FL_14|FL_12|FL_15|FL_11,SEWidow,CIDark,BEHManipulative,BEHHonest,ATTVirtuous,ATTReckless
2020-08-04 18:20:49,2020-08-04 18:23:05,0,47.14.53.233,100,136,1,2020-08-04 18:23:06,R_2xXIQdnaQ9zzLMS,,,,,42.6688995361328125,-71.5933990478515625,anonymous,EN,1,5a1dcb7dfe645f0001ea0a10,3,8,,9,,,,2,,,,6,,,,,,,,9,,,,,,,9,,,,,8,,,"Craig could have given money to a homeless person on the street, so he would be seen as compassionate.",1,English,25,FL_12|FL_14|FL_11|FL_13|FL_16|FL_15,SECouch,CIChocolate,BEHReckless,BEHGenerous,ATTCompassionate,ATTSelfish
2020-08-04 18:20:05,2020-08-04 18:23:32,0,88.110.238.113,100,207,1,2020-08-04 18:23:33,R_0vcaWKmVY4Q5poB,,,,,50.3701019287109375,-4.2523040771484375,anonymous,EN,1,5cf8e0107d0e5c00166bc2db,1,9,1,,,,,,9,,,,,,,6,7,,,,,,,,,8,,,1,,,,,,"When someone gives money to someone and goes on and on about it ",1,"English ",20,FL_13|FL_11|FL_16|FL_12|FL_14|FL_15,SELake,CIHungry,BEHRude,BEHVirtuous,ATTGenerous,ATTVicious
2020-08-04 18:21:28,2020-08-04 18:24:00,0,86.157.18.17,100,151,1,2020-08-04 18:24:00,R_2s1n808HB6Es3EK,,,,,55.016693115234375,-6.6667022705078125,anonymous,EN,1,596f0d7d50935c00015b4574,9,9,,,9,,,1,,,,,,,9,,8,,,,,,,,,,,9,,,,,,8,"In a meeting or upon just meeting. ",2,"English ",38,FL_12|FL_16|FL_14|FL_13|FL_11|FL_15,SERunning,CIChocolate,BEHCruel,BEHVirtuous,ATTFriendly,ATTRude
2020-08-04 18:21:00,2020-08-04 18:24:26,0,86.134.192.213,100,206,1,2020-08-04 18:24:27,R_1QithfFRR336PL4,,,,,57.0991058349609375,-2.544403076171875,anonymous,EN,1,5e3c248a194a52000dbbb418,5,9,7,,,,1,,,,,,,2,,,,7,,,,,,,,9,,,,,,,3,,"Lakes aren't always water ",1,English,21,FL_12|FL_16|FL_15|FL_14|FL_13|FL_11,SELake,CIDoor,BEHSelfish,BEHCourageous,ATTGenerous,ATTCruel
2020-08-04 18:14:48,2020-08-04 18:24:30,0,66.36.130.155,100,582,1,2020-08-04 18:24:31,R_1pQojaUrKf6hJVV,,,,,45.5312042236328125,-73.5863037109375,anonymous,EN,1,5ee3d14537ab2c0a5e344d98,9,9,7,,,,,5,,,5,,,,,,,,,,7,,,6,,,,,,,,,7,,Put in the right scenario this might have more than 1 meaning.,1,English,24,FL_16|FL_11|FL_14|FL_15|FL_13|FL_12,SELake,CIChocolate,BEHVicious,BEHCompassionate,ATTCourageous,ATTCruel
2020-08-04 18:20:37,2020-08-04 18:24:40,0,79.66.143.174,100,242,1,2020-08-04 18:24:40,R_3nln97skzeYChym,,,,,50.8253021240234375,-0.3719024658203125,anonymous,EN,1,59bc474d45a6ec00010e6a08,3,9,9,,,,,,,4,,,,,,9,,,,,3,,,,,,9,,,3,,,,,"Can be a sistution where acting like that was not negative ",2,English,32,FL_12|FL_11|FL_14|FL_15|FL_13|FL_16,SELake,CIDark,BEHRude,BEHCompassionate,ATTCompassionate,ATTReckless
2020-08-04 18:20:27,2020-08-04 18:25:11,0,79.77.75.175,100,283,1,2020-08-04 18:25:11,R_2Tz0B3IO4rbrmVd,,,,,51.8096923828125,0.313201904296875,anonymous,EN,1,5ceb,1,9,,,,9,1,,,,,,,9,,,,,,9,,,,9,,,,,,8,,,,,"In a difficult situation  where someone had exhibited out of the ordinary behaviour ",2,English,44,FL_11|FL_12|FL_16|FL_13|FL_15|FL_14,SEWidow,CIDoor,BEHSelfish,BEHGenerous,ATTCourageous,ATTReckless
2020-08-04 18:19:55,2020-08-04 18:25:36,0,92.40.178.4,100,341,1,2020-08-04 18:25:36,R_1jAM1n0jei1CYc9,,,,,51.49639892578125,-0.122406005859375,anonymous,EN,1,5b59fd1a8843380001553fc7,2,9,,9,,,,,2,,,,,9,,,,,,,,9,7,,,,,,,,,9,,,if someone was friendly to only certain people,1,"English ",23,FL_13|FL_11|FL_12|FL_15|FL_16|FL_14,SECouch,CIHungry,BEHSelfish,BEHFriendly,ATTVirtuous,ATTSelfish
2020-08-04 18:22:15,2020-08-04 18:25:58,0,91.125.229.177,100,223,1,2020-08-04 18:25:59,R_3GD5KTsHrkNOt2w,,,,,51.7042999267578125,-3.3130950927734375,anonymous,EN,1,5dc58b3f27d0524016618e13,9,9,,,9,,1,,,,,,,,,9,,1,,,,,,,1,,,,,,,,9,,"They could just be pointing out an object ",2,English,19,FL_15|FL_14|FL_13|FL_12|FL_11|FL_16,SERunning,CIDoor,BEHRude,BEHCourageous,ATTHonest,ATTCruel
2020-08-04 18:21:58,2020-08-04 18:26:06,0,216.121.222.18,100,248,1,2020-08-04 18:26:07,R_3JyqYQ2dc3R3y4B,,,,,43.1522064208984375,-79.1990966796875,anonymous,EN,1,588ff83a09dd830001d0c940,7,4,,8,,,,,4,,4,,,,,,,,,,3,,,,,,,3,,,5,,,,The speaker could have thought that being vicious was warranted in the situation,2,English,26,FL_15|FL_16|FL_14|FL_12|FL_11|FL_13,SECouch,CIHungry,BEHVicious,BEHCompassionate,ATTFriendly,ATTManipulative
2020-08-04 18:23:23,2020-08-04 18:26:06,0,213.205.194.96,100,163,1,2020-08-04 18:26:07,R_26fJq4AzYgi83gc,,,,,51.3488006591796875,-0.0321044921875,anonymous,EN,1,5ce3a8ce90a7510018319e13,7,1,,,,9,,,7,,,7,,,,,,,7,,,,3,,,,,,7,,,,,,"Somebody in a car crash then saying it wasn’t their fault ",1,"UK ",36,FL_15|FL_11|FL_16|FL_14|FL_12|FL_13,SEWidow,CIHungry,BEHReckless,BEHHonest,ATTVirtuous,ATTVicious
2020-08-04 18:21:57,2020-08-04 18:26:13,0,63.143.31.149,100,256,1,2020-08-04 18:26:13,R_PULgqyVA4HXIJZ7,,,,,41.99530029296875,-83.95549774169921875,anonymous,EN,1,5bd8aeffbeca730001cf1381,2,7,,,,9,,,,1,,,,,9,,9,,,,,,,,,,9,,,,,4,,,"I cannot imagine, unless she is talking about a person playing a role of widow, but she is not a widow in real life. Otherwise there is no definition of widow that doesn’t involve a dead spouse. ",2,English,50,FL_12|FL_16|FL_14|FL_13|FL_15|FL_11,SEWidow,CIDark,BEHCruel,BEHVirtuous,ATTCompassionate,ATTSelfish
2020-08-04 18:21:14,2020-08-04 18:26:14,0,109.170.129.24,100,299,1,2020-08-04 18:26:14,R_3scdFwZ8sruOIfD,,,,,52.6737060546875,-2.0312957763671875,anonymous,EN,1,5a97e4df89de8200013ef012,8,9,,9,,,,,,2,,,8,,,,,,,,,5,,,,7,,,9,,,,,,Generosity is generally positive but could mask negative intention or distract from negative behaviour.,2,English,22,FL_13|FL_16|FL_12|FL_14|FL_11|FL_15,SECouch,CIDark,BEHManipulative,BEHFriendly,ATTGenerous,ATTVicious
2020-08-04 18:23:17,2020-08-04 18:26:59,0,81.135.57.0,100,221,1,2020-08-04 18:26:59,R_CmNGRrOB6XcxWpz,,,,,52.1526947021484375,-2.68780517578125,anonymous,EN,1,5ec4f05ae69a923fbbc9c1c5,7,9,,,9,,,,,1,,,,,9,,,,,1,,,,1,,,,,,,,,9,,"In a cinema, it is often dark but lights are not required as it would ruin the viewing experience.",2,English,29,FL_15|FL_13|FL_16|FL_11|FL_14|FL_12,SERunning,CIDark,BEHCruel,BEHGenerous,ATTCourageous,ATTCruel
2020-08-04 18:24:54,2020-08-04 18:27:01,0,213.205.196.190,100,127,1,2020-08-04 18:27:02,R_3h6Fu3QPXU9BFve,,,,,53.567596435546875,-1.5839996337890625,anonymous,EN,1,5b490c3f8eb76b0001ac3dc9,3,4,,7,,,,3,,,,,,4,,,5,,,,,,,,8,,,,,,,1,,,I'm not too sure about what other answer,2,english,31,FL_13|FL_15|FL_16|FL_11|FL_12|FL_14,SECouch,CIChocolate,BEHSelfish,BEHVirtuous,ATTHonest,ATTSelfish
2020-08-04 18:22:39,2020-08-04 18:27:04,0,176.249.79.217,100,264,1,2020-08-04 18:27:05,R_3po61V64VqDsslW,,,,,51.1385955810546875,-3.0001068115234375,anonymous,EN,1,5a86b089aa46dd00016bb064,9,9,7,,,,1,,,,,,,,,9,,,,9,,,,,,7,,,,,9,,,,"if someone was rude, it could count as a negative trait",2,english,52,FL_14|FL_16|FL_15|FL_12|FL_11|FL_13,SELake,CIDoor,BEHRude,BEHGenerous,ATTGenerous,ATTManipulative
2020-08-04 18:24:18,2020-08-04 18:27:08,0,142.68.162.68,100,170,1,2020-08-04 18:27:09,R_sYj09iE3unMBLEd,,,,,44.6343994140625,-63.5821990966796875,anonymous,EN,1,5ecb1967c1e2c612537e68d6,7,9,,9,,,,1,,,,3,,,,,,,6,,,,,6,,,,,,,8,,,,"They could of made the statement about Becky taking advantage of someone by lying to them. Which I believe is contradictory to saying she’s still a good person. ",2,English,24,FL_14|FL_11|FL_15|FL_13|FL_12|FL_16,SECouch,CIChocolate,BEHReckless,BEHHonest,ATTCourageous,ATTManipulative
2020-08-04 18:22:02,2020-08-04 18:27:10,0,176.25.28.132,100,307,1,2020-08-04 18:27:10,R_vNRbAwGawF5yQmJ,,,,,53.4141998291015625,-2.227996826171875,anonymous,EN,1,,1,9,,,9,,,1,,,,,,,,8,,,,,,7,,,,,,7,7,,,,,,"Could have been running on the spot ",2,"English ",63,FL_12|FL_15|FL_14|FL_16|FL_13|FL_11,SERunning,CIChocolate,BEHRude,BEHFriendly,ATTFriendly,ATTVicious
2020-08-04 18:21:52,2020-08-04 18:27:15,0,70.119.250.139,100,322,1,2020-08-04 18:27:15,R_3JDvMfladbhhPsi,,,,,32.6085052490234375,-96.86550140380859375,anonymous,EN,1,5d72e994d259c60018062727,2,6,8,,,,2,,,,,,7,,,,,4,,,,,,,,,6,,,,,,,7,"Maybe when telling a story about a family member? One can love a family member, but not necessarily ""like"" them.",1,English,21,FL_13|FL_16|FL_11|FL_12|FL_14|FL_15,SELake,CIDoor,BEHManipulative,BEHCourageous,ATTCompassionate,ATTRude
2020-08-04 18:23:14,2020-08-04 18:27:18,0,5.64.225.47,100,243,1,2020-08-04 18:27:18,R_3DteMsqsDM2VvSA,,,,,51.5688934326171875,0.00799560546875,anonymous,EN,1,59d4b629cafa460001f84176,1,1,,,,9,1,,,,,,1,,,,,,,,9,,1,,,,,,,1,,,,,"Can't think of a situation. ",2,English,33,FL_13|FL_12|FL_16|FL_15|FL_14|FL_11,SEWidow,CIDoor,BEHManipulative,BEHCompassionate,ATTVirtuous,ATTReckless
2020-08-04 18:23:43,2020-08-04 18:27:37,0,73.24.106.44,100,234,1,2020-08-04 18:27:38,R_1Ej9HhAUU8Q7xwR,,,,,28.806396484375,-81.88690185546875,anonymous,EN,1,5f21c17fb245dc133ac88c33,2,8,,,,9,,,3,,2,,,,,,,,,,3,,,,3,,,,,,,,,6,Frankly I am unsure. The statement felt like the others and something that would belong in a textbook for examples,2,english,27,FL_13|FL_16|FL_11|FL_12|FL_15|FL_14,SEWidow,CIHungry,BEHVicious,BEHCompassionate,ATTHonest,ATTRude
2020-08-04 18:25:38,2020-08-04 18:27:39,0,69.176.168.84,100,120,1,2020-08-04 18:27:39,R_2VgyU52Fkk5M86t,,,,,54.31610107421875,-130.320098876953125,anonymous,EN,1,5c4221b88622740001616365,3,7,,,,9,,,,2,,7,,,,,,8,,,,,,,,3,,,,,,6,,,Speaking about someone making an impulsive decision.,2,English,33,FL_15|FL_12|FL_14|FL_11|FL_16|FL_13,SEWidow,CIDark,BEHReckless,BEHCourageous,ATTGenerous,ATTSelfish
2020-08-04 18:23:34,2020-08-04 18:28:15,0,85.255.233.222,100,281,1,2020-08-04 18:28:16,R_1oEZykzY2QxTUli,,,,,51.49639892578125,-0.122406005859375,anonymous,EN,1,5ea1ed536c3ed80eb882ced0,2,9,,,,9,,,2,,,,9,,,,,,2,,,,,9,,,,,,,,,9,,"When having a conversation about a person regarding another person's behaviour ",2,English,30,FL_11|FL_13|FL_15|FL_16|FL_12|FL_14,SEWidow,CIHungry,BEHManipulative,BEHHonest,ATTCourageous,ATTCruel
2020-08-04 18:25:18,2020-08-04 18:28:25,0,82.4.56.103,100,186,1,2020-08-04 18:28:25,R_3OBEZ79IqosMI8h,,,,,52.925994873046875,-1.4333953857421875,anonymous,EN,1,5e8f4068875fbb2183734bca,1,9,,9,,,,,,1,,1,,,,,,,1,,,,6,,,,,,,1,,,,,If someone is annoyed by someones higher standards all the time,1,English,20,FL_11|FL_12|FL_16|FL_14|FL_13|FL_15,SECouch,CIDark,BEHReckless,BEHHonest,ATTVirtuous,ATTReckless
2020-08-04 18:24:31,2020-08-04 18:28:31,0,94.194.105.128,100,240,1,2020-08-04 18:28:32,R_2CkWWmOQYkLjXc7,,,,,53.52960205078125,-1.376007080078125,anonymous,EN,1,5e909f31abf11c03bebbc5f6,1,7,,,,9,,1,,,,,,,1,,8,,,,,,,,,,3,,,1,,,,,If they had been married twice,2,english,38,FL_15|FL_13|FL_12|FL_14|FL_16|FL_11,SEWidow,CIChocolate,BEHCruel,BEHVirtuous,ATTCompassionate,ATTReckless
2020-08-04 18:24:11,2020-08-04 18:28:34,0,31.50.249.182,100,262,1,2020-08-04 18:28:34,R_Yakm8lKZtyTOYWl,,,,,51.5063934326171875,-0.0200042724609375,anonymous,EN,1,5f01f978f398463625fefbf9,1,9,1,,,,,,1,,,,,,9,,2,,,,,,,,,,,1,,,,,,9,If the saw that behaviour on a certain day.,2,English,47,FL_11|FL_12|FL_15|FL_14|FL_16|FL_13,SELake,CIHungry,BEHCruel,BEHVirtuous,ATTFriendly,ATTRude
2020-08-04 18:24:57,2020-08-04 18:28:41,0,109.150.184.107,100,223,1,2020-08-04 18:28:42,R_111Gvh8YuQIrLry,,,,,53.2003021240234375,-1.4232940673828125,anonymous,EN,1,5e29d82712b2f8029e117f2b,7,9,,,9,,3,,,,7,,,,,,,,,,,7,,,,8,,,6,,,,,,"Maybe by saying they was generous that didn't mean it in a positive way, Maybe they are too generous",1,English,24,FL_13|FL_14|FL_16|FL_11|FL_12|FL_15,SERunning,CIDoor,BEHVicious,BEHFriendly,ATTGenerous,ATTVicious
2020-08-04 18:22:49,2020-08-04 18:28:47,0,82.6.126.195,100,357,1,2020-08-04 18:28:47,R_12x2Kzao8eZRYWd,,,,,52.5677947998046875,1.6620025634765625,anonymous,EN,1,5df0d69bfef3dc000ea36cee,8,9,,9,,,,,,9,,,6,,,,,,,4,,,,,3,,,,,,,,,9,"When you're about to go to sleep, it would be dark but not need the lights on.",2,English,24,FL_16|FL_14|FL_15|FL_13|FL_11|FL_12,SECouch,CIDark,BEHManipulative,BEHGenerous,ATTHonest,ATTRude
2020-08-04 18:24:54,2020-08-04 18:28:47,0,70.64.50.205,100,232,1,2020-08-04 18:28:47,R_1HhONdW9LU4gkjb,,,,,52.1569976806640625,-106.5614013671875,anonymous,EN,1,5ee1121a75cba80fcc8c6955,9,9,9,,,,,,1,,9,,,,,,,,,,,9,,,,,9,,,,,,9,,"I am so confused,  I felt like so many of those questions could have gone either way and I was torn. I tried my best to be literal but there's always so many variables.",2,ENglish,28,FL_11|FL_16|FL_15|FL_13|FL_12|FL_14,SELake,CIHungry,BEHVicious,BEHFriendly,ATTCompassionate,ATTCruel
2020-08-04 18:26:04,2020-08-04 18:28:51,0,136.32.108.133,100,167,1,2020-08-04 18:28:51,R_szow5U9vRDwogxj,,,,,39.06610107421875,-94.6287994384765625,anonymous,EN,1,5dae7182b0f51200108e909a,1,7,3,,,,,,,1,,,,,,1,,,,9,,,,,,,,9,9,,,,,,"maybe the lake ran dry, thats what my mind thought of since ive come across dry lakes before. ",1,english,22,FL_12|FL_15|FL_13|FL_14|FL_16|FL_11,SELake,CIDark,BEHRude,BEHGenerous,ATTFriendly,ATTVicious
2020-08-04 18:26:23,2020-08-04 18:28:59,0,78.150.17.219,100,156,1,2020-08-04 18:28:59,R_uq2MycjpPFNlF17,,,,,53.3887939453125,-2.3428955078125,anonymous,EN,1,5b15bb1e1e55760001ba2600,1,9,,,9,,1,,,,,,,9,,,,5,,,,,,5,,,,,7,,,,,,that quality can be both positive or negative depending on the situation or consequence,2,english,23,FL_15|FL_11|FL_12|FL_16|FL_13|FL_14,SERunning,CIDoor,BEHSelfish,BEHCourageous,ATTCourageous,ATTVicious
2020-08-04 18:24:53,2020-08-04 18:29:02,0,90.220.255.0,100,248,1,2020-08-04 18:29:02,R_2qslDaeeVRbq16u,,,,,54.5829010009765625,-5.9326019287109375,anonymous,EN,1,5e67f456781a070ab57859e9,8,5,,,,9,,,9,,,,,,,5,,9,,,,,,,,,,9,,,,8,,,When introducing someone who has lost their husband,2,English,37,FL_14|FL_16|FL_12|FL_15|FL_13|FL_11,SEWidow,CIHungry,BEHRude,BEHCourageous,ATTFriendly,ATTSelfish
2020-08-04 18:25:39,2020-08-04 18:29:24,0,82.15.217.245,100,224,1,2020-08-04 18:29:24,R_3lWTLYk4gflkD7h,,,,,51.4441070556640625,-3.186004638671875,anonymous,EN,1,567c1cc8b7d79a0012b273ef,1,9,,,9,,,1,,,9,,,,,,,,,,9,,,,,9,,,,,8,,,,"Perhaps he could be implying he's too generous, which may be perceived as a negative thing, but on the surface it seems like a contradiction, because generosity is a positive trait.",1,English,23,FL_14|FL_11|FL_12|FL_16|FL_13|FL_15,SERunning,CIChocolate,BEHVicious,BEHCompassionate,ATTGenerous,ATTManipulative
2020-08-04 18:24:01,2020-08-04 18:29:28,0,192.210.5.253,100,326,1,2020-08-04 18:29:28,R_D17CGRTSieVuPOF,,,,,50.9156951904296875,-113.891998291015625,anonymous,EN,1,5654b05004212700104a1d46,2,9,9,,,,1,,,,,,,7,,,,,,,7,,,7,,,,,,,,7,,,Perhaps if they did something selfish but had a greater reason for doing it? IT was selfish but for the greater good.,1,English,24,FL_13|FL_11|FL_15|FL_12|FL_14|FL_16,SELake,CIDoor,BEHSelfish,BEHCompassionate,ATTCourageous,ATTSelfish
2020-08-04 18:25:15,2020-08-04 18:29:38,0,86.21.99.53,100,263,1,2020-08-04 18:29:38,R_1rjGfkYJ5OOjvCI,,,,,50.8253021240234375,-0.3719024658203125,anonymous,EN,1,5e072bb71d6b460b5e6eae99,2,9,,,,8,,1,,,,,,,4,,4,,,,,,,,3,,,,,,,,6,,"If she was married again or got a divorce ",2,"English ",28,FL_16|FL_12|FL_14|FL_15|FL_13|FL_11,SEWidow,CIChocolate,BEHCruel,BEHVirtuous,ATTHonest,ATTCruel
2020-08-04 18:26:56,2020-08-04 18:30:02,0,212.129.74.114,100,185,1,2020-08-04 18:30:02,R_26nJVLhBnbi5fux,,,,,53.33380126953125,-6.2487945556640625,anonymous,EN,1,5efb9b1f16d7cf129b68ded9,2,9,9,,,,2,,,,,,,,9,,,,3,,,,,,3,,,,,7,,,,,"Being honest isn't always the best option, depending on the situation it may have been better to not be honest",2,"English ",31,FL_13|FL_16|FL_14|FL_12|FL_11|FL_15,SELake,CIDoor,BEHCruel,BEHHonest,ATTHonest,ATTReckless
2020-08-04 18:26:54,2020-08-04 18:30:17,0,86.150.110.243,100,202,1,2020-08-04 18:30:17,R_1Ft9Cmk85y9cVYf,,,,,54.2523040771484375,-0.4705047607421875,anonymous,EN,1,5eeb69c4f2c6c4084e25d008,1,9,,,,9,,,1,,,,,9,,,,,,9,,,,,,,,9,,,9,,,,"when they have lost someone, it would depend on whether they were married etc",2,english,22,FL_12|FL_13|FL_15|FL_14|FL_16|FL_11,SEWidow,CIHungry,BEHSelfish,BEHGenerous,ATTFriendly,ATTManipulative
2020-08-04 18:25:24,2020-08-04 18:30:21,0,65.94.113.136,100,297,1,2020-08-04 18:30:22,R_1oaRAuwOAAypHjx,,,,,43.711395263671875,-79.446197509765625,anonymous,EN,1,5d4f33e8e399cd0019c8750b,1,9,,9,,,,1,,,,,1,,,,,,,9,,,5,,,,,,9,,,,,,"I believe virtuous as an adjective is neither positive nor negative. It can be used to describe someone with high moral standards, which is inherently subjective. Thus, what they believe and what another believes can either contradict or be similar.",1,English,30,FL_14|FL_11|FL_16|FL_13|FL_12|FL_15,SECouch,CIChocolate,BEHManipulative,BEHGenerous,ATTVirtuous,ATTVicious
2020-08-04 18:23:54,2020-08-04 18:30:34,0,79.73.44.60,100,400,1,2020-08-04 18:30:34,R_3NyrfUz2apPxzkG,,,,,51.4053955078125,-0.0438995361328125,anonymous,EN,1,5765b6595cf6f200015a081b,2,7,7,,,,,,,4,,3,,,,,,6,,,,,,,,,6,,,,4,,,,Where someone was very brave.,2,English,64,FL_16|FL_13|FL_11|FL_12|FL_15|FL_14,SELake,CIDark,BEHReckless,BEHCourageous,ATTCompassionate,ATTManipulative
2020-08-04 18:23:49,2020-08-04 18:31:02,0,2.29.158.15,100,432,1,2020-08-04 18:31:02,R_1r9skUUhImW3sjD,,,,,51.7194061279296875,-3.4302978515625,anonymous,EN,1,5ddbdb06deb756b085d1a497,8,7,,9,,,1,,,,,7,,,,,,,,,,6,,,,,9,,,,,,9,,"If amy did something that caused a problem it would be consider reckless, or if she did something that caused someone including herself harm or pain ",2,English,18,FL_14|FL_15|FL_12|FL_16|FL_11|FL_13,SECouch,CIDoor,BEHReckless,BEHFriendly,ATTCompassionate,ATTCruel
2020-08-04 18:27:23,2020-08-04 18:31:04,0,80.193.199.121,100,221,1,2020-08-04 18:31:05,R_2qgi29twfrwfRzG,,,,,51.5435028076171875,-0.1732940673828125,anonymous,EN,1,5c43427126217400018c1579,9,8,6,,,,1,,,,7,,,,,,7,,,,,,8,,,,,,,,8,,,,"the lake could be filled with something else. In the bottom of the oceon, there are ""lakes"" of brine. or on other planets, there could be lakes of liquid methane for example",1,english,31,FL_13|FL_15|FL_14|FL_16|FL_12|FL_11,SELake,CIDoor,BEHVicious,BEHVirtuous,ATTVirtuous,ATTManipulative
2020-08-04 18:25:47,2020-08-04 18:31:23,0,174.253.82.66,100,335,1,2020-08-04 18:31:23,R_3Pmqx2ORnJlH0Zj,,,,,41.80450439453125,-87.90460205078125,anonymous,EN,1,5dd362ad7b6a66368c77004c,7,9,,9,,,,,9,,,,,9,,,,,9,,,,,,,9,,,,8,,,,,Maybe if they are to busy to eat or are driving and don't want to stop you might be hungry but don't want to take the time to eat,2,English,41,FL_13|FL_16|FL_14|FL_15|FL_11|FL_12,SECouch,CIHungry,BEHSelfish,BEHHonest,ATTGenerous,ATTReckless
2020-08-04 18:26:55,2020-08-04 18:31:25,0,142.122.158.195,100,270,1,2020-08-04 18:31:26,R_2YFDqNAArXEs9ez,,,,,43.7321014404296875,-79.5095977783203125,anonymous,EN,1,5656389d995911000f482b7d,1,9,,9,,,,1,,,,,,1,,,,1,,,,,,,,1,,,,,,,7,,i can't think of an example of a situation where someone would say that,2,english,37,FL_13|FL_14|FL_16|FL_12|FL_11|FL_15,SECouch,CIChocolate,BEHSelfish,BEHCourageous,ATTGenerous,ATTCruel
2020-08-04 18:25:28,2020-08-04 18:31:31,0,94.7.50.51,100,362,1,2020-08-04 18:31:31,R_1l5koACfGfwN8Sx,,,,,53.4127960205078125,-2.164398193359375,anonymous,EN,1,5b253e86007d870001c7a66c,9,9,,9,,,,1,,,,,6,,,,3,,,,,,8,,,,,,,,,,,9,Someone could make this statement during a argument.,1,English,47,FL_16|FL_11|FL_14|FL_12|FL_15|FL_13,SECouch,CIChocolate,BEHManipulative,BEHVirtuous,ATTVirtuous,ATTRude
2020-08-04 18:27:08,2020-08-04 18:31:31,0,90.200.154.148,100,263,1,2020-08-04 18:31:31,R_3HAMllKDkpremCI,,,,,53.2787017822265625,-2.90130615234375,anonymous,EN,1,5f1079a471bd5f089c7269fe,6,9,,,9,,,2,,,,,,,,5,,,,,,8,,,,9,,,,8,,,,,"helping people in difficult situations can be seen as. friendly ",2,English,20,FL_11|FL_13|FL_15|FL_16|FL_12|FL_14,SERunning,CIChocolate,BEHRude,BEHFriendly,ATTGenerous,ATTReckless
2020-08-04 18:27:02,2020-08-04 18:31:33,0,142.32.49.177,100,271,1,2020-08-04 18:31:33,R_2Qgn1eihUeTq38t,,,,,48.4770965576171875,-123.5312957763671875,anonymous,EN,1,5f1fb194311f081d7af0b7c2,1,2,,,1,,,,,1,9,,,,,,,2,,,,,,,4,,,,,,,,,9,maybe is a sporting environment. Someone could be vicious but not in a negative way (more of a competitive way). Although the word vicious have a very negative connotation,2,"English ",34,FL_16|FL_12|FL_11|FL_14|FL_15|FL_13,SERunning,CIDark,BEHVicious,BEHCourageous,ATTHonest,ATTRude
2020-08-04 18:27:05,2020-08-04 18:31:46,0,86.178.185.246,100,281,1,2020-08-04 18:31:47,R_3KUspBrhywaapUJ,,,,,51.4745941162109375,-0.0924072265625,anonymous,EN,1,5eeb82fc66afb72cb53e640c,1,9,8,,,,8,,,,,7,,,,,,,,,6,,,,,,6,,,,,,,9,"Someone is being passive aggressive and thinks someone is rude, but doesn't want to cause offence or avoid confrontation by saying that being rude is a negative thing to be",2,English,31,FL_14|FL_11|FL_15|FL_12|FL_13|FL_16,SELake,CIDoor,BEHReckless,BEHCompassionate,ATTCompassionate,ATTRude
2020-08-04 18:25:26,2020-08-04 18:31:58,0,176.254.93.152,100,392,1,2020-08-04 18:31:59,R_3FRqkfFQUacOhpe,,,,,53.3376007080078125,-1.4770965576171875,anonymous,EN,1,5e41164a3f87b933ebea29cb,8,8,,,8,,,,,1,,,,,,7,,,,,,7,,,,,,8,,,,8,,,"Sorry I’m not sure of a situation. These are really hard to understand with so many double negatives ",2,English,29,FL_12|FL_11|FL_14|FL_16|FL_15|FL_13,SERunning,CIDark,BEHRude,BEHFriendly,ATTFriendly,ATTSelfish
2020-08-04 18:27:20,2020-08-04 18:32:39,0,174.63.21.201,100,318,1,2020-08-04 18:32:39,R_2SGpUwRZQGZCXAm,,,,,44.453704833984375,-73.17729949951171875,anonymous,EN,1,5c3811791ede2b000115555b,3,9,5,,,,,,2,,,,2,,,,,,4,,,,,,4,,,,4,,,,,,Being honest might not always be positive. I can say something very honest but at the same time it might be very hurtful.,1,english,35,FL_12|FL_13|FL_16|FL_11|FL_14|FL_15,SELake,CIHungry,BEHManipulative,BEHHonest,ATTHonest,ATTVicious
2020-08-04 18:26:27,2020-08-04 18:32:48,0,46.65.155.119,100,381,1,2020-08-04 18:32:48,R_28Zqa8JYrY5a01R,,,,,52.9647979736328125,-1.21319580078125,anonymous,EN,1,598ac35ad3262c00016674db,3,4,,,9,,,,1,,,,,,9,,7,,,,,,7,,,,,,,,,3,,,"If they themselves did not believe “virtuous “ to be a good trait ",2,"English ",55,FL_12|FL_16|FL_13|FL_11|FL_15|FL_14,SERunning,CIHungry,BEHCruel,BEHVirtuous,ATTVirtuous,ATTSelfish
2020-08-04 18:27:08,2020-08-04 18:32:49,0,94.195.79.171,100,340,1,2020-08-04 18:32:49,R_3L4OLr0Hc7Vyyu9,,,,,55.1627044677734375,-1.5897064208984375,anonymous,EN,1,5f07767d0f12f2164455a006,1,2,,,,9,,,2,,,,,,8,,,,,,3,,,7,,,,,,5,,,,,"A person can be considered reckless but not inherently dangerous. ",1,English,33,FL_13|FL_11|FL_15|FL_14|FL_12|FL_16,SEWidow,CIHungry,BEHCruel,BEHCompassionate,ATTCourageous,ATTReckless
2020-08-04 18:30:44,2020-08-04 18:33:07,0,86.20.189.35,100,142,1,2020-08-04 18:33:07,R_2tJwyJ2cbvxDyES,,,,,53.4235992431640625,-2.3112945556640625,anonymous,EN,1,5ed3ca10d793c9367bb25559,9,7,,,8,,2,,,,,,9,,,,,,3,,,,,8,,,,,,,,,9,,"Being too courageous can come across arrogent and therefore would be a negative trait. ",2,english,18,FL_14|FL_16|FL_12|FL_11|FL_13|FL_15,SERunning,CIDoor,BEHManipulative,BEHHonest,ATTCourageous,ATTCruel
2020-08-04 18:32:02,2020-08-04 18:34:38,0,147.253.60.108,100,155,1,2020-08-04 18:34:38,R_1QMKnO2eDhMckM7,,,,,45.416900634765625,-73.50060272216796875,anonymous,EN,1,5bda1da4d6fef5000181aab2,2,9,,9,,,,,,1,,,,1,,,,,,,,1,,,,,2,,,,,,9,,"If someone is cruel, that person can't be nice. Unless he was acting cruel in a movie or tv show. ",1,Urdu,33,FL_11|FL_15|FL_14|FL_13|FL_12|FL_16,SECouch,CIDark,BEHSelfish,BEHFriendly,ATTCompassionate,ATTCruel
2020-08-04 18:31:46,2020-08-04 18:34:44,0,188.210.214.30,100,177,1,2020-08-04 18:34:44,R_1fderXyqHggvUZA,,,,,55.9756927490234375,-3.2216949462890625,anonymous,EN,1,5e8b5ad2e02d8a01ba70b8ed,1,8,9,,,,,,,1,,9,,,,,,,1,,,,,,1,,,,4,,,,,,being honest can be a good or bad thing depending on the situation. You could honestly tell someone they are fat but that wouldnt reflect well on you.,1,English,37,FL_11|FL_13|FL_15|FL_16|FL_12|FL_14,SELake,CIDark,BEHReckless,BEHHonest,ATTHonest,ATTVicious
2020-08-04 18:30:34,2020-08-04 18:35:01,0,92.40.194.222,100,266,1,2020-08-04 18:35:02,R_2pW6i7PxpiNwFvC,,,,,51.49639892578125,-0.122406005859375,anonymous,EN,1,5d7e9b0248cee3001cd13922,4,9,,9,,,,3,,,9,,,,,,9,,,,,,,,,,,7,,,,,9,,"
showing new furniture ?",2,English,21,FL_12|FL_15|FL_14|FL_13|FL_16|FL_11,SECouch,CIChocolate,BEHVicious,BEHVirtuous,ATTFriendly,ATTCruel
2020-08-04 18:12:05,2020-08-04 18:35:02,0,77.99.152.152,100,1377,1,2020-08-04 18:35:03,R_vc0xhuDMDFW0dkB,,,,,51.46380615234375,0.143402099609375,anonymous,EN,1,5a01988a49add9000140c483,7,9,,,9,,,,1,,,,,,,9,,,,9,,,,,,9,,,,,9,,,,"Someone could have made this statement if they were on a diet or fasting, and mentioning how hungry they are.",2,English,25,FL_11|FL_13|FL_14|FL_16|FL_12|FL_15,SERunning,CIHungry,BEHRude,BEHGenerous,ATTGenerous,ATTManipulative
2020-08-04 18:32:19,2020-08-04 18:35:25,0,2.99.4.48,100,186,1,2020-08-04 18:35:25,R_rlQyx58hBU2KYFz,,,,,51.5507049560546875,-0.0536956787109375,anonymous,EN,1,598b65482014e00001bc9ac1,2,2,,,3,,1,,,,,,,,3,,,,,,,3,,4,,,,,,,,,,1,"Could have made a important choice ",2,"English ",26,FL_11|FL_16|FL_14|FL_12|FL_13|FL_15,SERunning,CIDoor,BEHCruel,BEHFriendly,ATTCourageous,ATTRude
2020-08-04 18:32:10,2020-08-04 18:35:28,0,213.122.223.146,100,197,1,2020-08-04 18:35:28,R_1d7k6SWRWu9uT3I,,,,,51.0948944091796875,-0.5177001953125,anonymous,EN,1,5e2f4e27cda364507bfdf9c5,1,1,,7,,,,,6,,,,,9,,,,,,2,,,7,,,,,,,,,,,6,"Henry is rude but it's unintentional, so he doesn't mean to be rude therefore it cannot be in a negative way.",2,English,21,FL_11|FL_14|FL_13|FL_12|FL_15|FL_16,SECouch,CIHungry,BEHSelfish,BEHGenerous,ATTVirtuous,ATTRude
2020-08-04 18:32:52,2020-08-04 18:35:28,0,89.242.108.105,100,156,1,2020-08-04 18:35:29,R_2E3L6TmfmHSq9nU,,,,,53.79229736328125,-1.7548065185546875,anonymous,EN,1,5e5fec85ec6107335c65f794,9,6,,,9,,1,,,,,,,,,9,,5,,,,,,,,,,9,9,,,,,,"I’m Not sure to be honest ",2,"Spanish ",21,FL_12|FL_15|FL_13|FL_16|FL_11|FL_14,SERunning,CIDoor,BEHRude,BEHCourageous,ATTFriendly,ATTVicious
2020-08-04 18:31:37,2020-08-04 18:35:32,0,94.3.235.160,100,235,1,2020-08-04 18:35:33,R_28NjMOMmixvBled,,,,,52.585205078125,-0.235992431640625,anonymous,EN,1,5c7da4066babcb000185028b,3,9,,,,9,1,,,,,,3,,,,,5,,,,,,,3,,,,,,,8,,,"Somebody could be honest, but that doesn't mean they will necessarily tell you a truth that is particularly nice, or one that you would want to hear. ",1,English,45,FL_16|FL_11|FL_12|FL_13|FL_14|FL_15,SEWidow,CIDoor,BEHManipulative,BEHCourageous,ATTHonest,ATTSelfish
2020-08-04 18:27:22,2020-08-04 18:35:33,0,90.118.146.25,100,490,1,2020-08-04 18:35:33,R_T6ifDvJM3X7I93z,,,,,43.457000732421875,6.47900390625,anonymous,EN,1,5eb0a8eee612c116fdbbdcf9,1,9,,,,9,,1,,,9,,,,,,,,,,9,,,,,,9,,9,,,,,,"when someone is talking to friends about another friends behaviour last week ",2,english,20,FL_16|FL_15|FL_14|FL_11|FL_12|FL_13,SEWidow,CIChocolate,BEHVicious,BEHCompassionate,ATTCompassionate,ATTVicious
2020-08-04 18:30:33,2020-08-04 18:35:33,0,82.18.222.89,100,299,1,2020-08-04 18:35:33,R_3g5HbaSz7aoEXcH,,,,,51.755401611328125,-0.48699951171875,anonymous,EN,1,5e13189b1d6b469661725154,1,9,9,,,,,,1,,9,,,,,,,9,,,,,,,,9,,,,,9,,,,When they were displeased with certain behaviour,2,English,40,FL_14|FL_13|FL_12|FL_11|FL_15|FL_16,SELake,CIHungry,BEHVicious,BEHCourageous,ATTGenerous,ATTManipulative
2020-08-04 18:32:13,2020-08-04 18:35:52,0,31.124.71.8,100,218,1,2020-08-04 18:35:52,R_2AMdljHUcC10w0t,,,,,55.83929443359375,-4.2891998291015625,anonymous,EN,1,55b8a213fdf99b7323bc7166,2,9,9,,,,,1,,,,3,,,,,,2,,,,,,1,,,,,,,,,,4,"yo can still be brave but still make a bad reaction
",2,english,31,FL_15|FL_13|FL_11|FL_16|FL_12|FL_14,SELake,CIChocolate,BEHReckless,BEHCourageous,ATTCourageous,ATTRude
2020-08-04 18:33:05,2020-08-04 18:35:52,0,82.21.74.46,100,167,1,2020-08-04 18:35:52,R_AiHyIDOn0kWxSRH,,,,,52.585205078125,-0.235992431640625,anonymous,EN,1,5ed0fa8ebd49c30008ad0ceb,2,9,,,,9,,1,,,,,,,8,,,2,,,,,,7,,,,,,6,,,,,in a supermarket looking at chocolate,2,english,18,FL_14|FL_15|FL_16|FL_11|FL_13|FL_12,SEWidow,CIChocolate,BEHCruel,BEHCourageous,ATTCourageous,ATTReckless
2020-08-04 18:31:05,2020-08-04 18:35:56,0,2.124.41.64,100,290,1,2020-08-04 18:35:56,R_27JOfTsrGGBRh2M,,,,,50.7333984375,-1.9246063232421875,anonymous,EN,1,5da4bebb23b38c0012c958bb,1,9,9,,,,,,,1,,,,,,8,,,,,,2,2,,,,,,,8,,,,,In a situation where being reckless would be positive or not likely to result in negative consequences. You could play a video game recklessly but that wouldn't necessarily be negative.,1,English,31,FL_13|FL_12|FL_11|FL_15|FL_14|FL_16,SELake,CIDark,BEHRude,BEHFriendly,ATTVirtuous,ATTReckless
2020-08-04 18:32:55,2020-08-04 18:36:05,0,95.147.232.189,100,190,1,2020-08-04 18:36:05,R_uwXzNSCageBcAUx,,,,,52.675506591796875,-2.7615966796875,anonymous,EN,1,5e6683d457a65d05cdcc4c99,2,2,9,,,,,1,,,9,,,,,,,,,,,9,,,,,9,,,,,,,8,Lakes always have water in them - that's what makes them lakes,2,English,62,FL_16|FL_14|FL_13|FL_15|FL_12|FL_11,SELake,CIChocolate,BEHVicious,BEHFriendly,ATTCompassionate,ATTRude
2020-08-04 18:25:55,2020-08-04 18:36:16,0,213.205.194.148,100,620,1,2020-08-04 18:36:16,R_3qWF9so7mcu7yLB,,,,,51.3488006591796875,-0.0321044921875,anonymous,EN,1,581c4e8d9ec6d80001e20ad9,7,8,,,,7,,3,,,,,,,7,,5,,,,,,,,,,1,,,,8,,,,Not sure how to really go about answering this one.,2,English,38,FL_11|FL_13|FL_16|FL_14|FL_12|FL_15,SEWidow,CIChocolate,BEHCruel,BEHVirtuous,ATTCompassionate,ATTManipulative
2020-08-04 18:33:37,2020-08-04 18:36:17,0,86.148.182.185,100,160,1,2020-08-04 18:36:18,R_vcXocph2iKHzJyF,,,,,51.5758056640625,-0.4248046875,anonymous,EN,1,5cc9df34a0289a001408c402,6,5,8,,,,,,5,,,,,,7,,,,1,,,,,,2,,,,,,6,,,,becky may have done something manipulative but that person may not think that behaviour is bad,2,english,20,FL_14|FL_15|FL_12|FL_11|FL_13|FL_16,SELake,CIHungry,BEHCruel,BEHHonest,ATTHonest,ATTManipulative
2020-08-04 18:32:20,2020-08-04 18:36:20,0,92.237.248.203,100,239,1,2020-08-04 18:36:20,R_2ZNOV2lsVmzicGm,,,,,55.7700042724609375,-4.053497314453125,anonymous,EN,1,5e825b06ff3d720a7298d3e1,8,8,,,,8,,2,,,,,,7,,,,,,7,,,,,,8,,,,,,,8,,"I think this is a case of someone being mean but trying to sugar coat it so that it doesn’t cause as much offence ",1,English,36,FL_15|FL_12|FL_14|FL_11|FL_13|FL_16,SEWidow,CIChocolate,BEHSelfish,BEHGenerous,ATTGenerous,ATTCruel
2020-08-04 18:32:11,2020-08-04 18:36:21,0,86.10.202.255,100,249,1,2020-08-04 18:36:21,R_3KOPPjBI8BQed7W,,,,,53.5605010986328125,-0.032196044921875,anonymous,EN,1,5d66d7e393f60c000178fc68,1,9,,9,,,,,7,,,,,,,9,,,,,7,,,,,,,9,,9,,,,,Because you wouldnt say sometjing nice sbout someone if you were not being positive. If you said something bad it would be negative,1,English,39,FL_11|FL_14|FL_16|FL_12|FL_13|FL_15,SECouch,CIHungry,BEHRude,BEHCompassionate,ATTFriendly,ATTReckless
2020-08-04 18:32:13,2020-08-04 18:36:24,0,92.10.18.164,100,251,1,2020-08-04 18:36:24,R_22lD7D5Rd1BF1El,,,,,53.4499969482421875,-2.783294677734375,anonymous,EN,1,5cd456172c397d001899aa81,4,9,,,,9,,1,,,,,,,9,,,,,,,9,,9,,,,,,,,,9,,"They could be joking or could have also mentioned in other sentences that his behaviour was positive ",2,"English ",39,FL_12|FL_11|FL_15|FL_16|FL_14|FL_13,SEWidow,CIChocolate,BEHCruel,BEHFriendly,ATTCourageous,ATTCruel
2020-08-04 18:33:27,2020-08-04 18:36:31,0,72.140.4.10,100,184,1,2020-08-04 18:36:32,R_2aWg3anxJkglPCz,,,,,43.8455047607421875,-79.26349639892578125,anonymous,EN,1,5c3a38865bbff2000197a21d,1,9,5,,,,1,,,,,5,,,,,,,,,7,,,,,,,7,5,,,,,,"I think someone could have made that statement if Amy did something risky that someone else wouldn't do. However, just because it was risky does not mean that it is bad, but however it still can be understood as a bad trait or idea. ",2,English,23,FL_14|FL_15|FL_11|FL_16|FL_12|FL_13,SELake,CIDoor,BEHReckless,BEHCompassionate,ATTFriendly,ATTVicious
2020-08-04 18:33:15,2020-08-04 18:36:32,0,109.151.39.56,100,197,1,2020-08-04 18:36:33,R_32VZ972wMK6TtY9,,,,,53.623504638671875,-2.335205078125,anonymous,EN,1,5f132e94a15f3d059919167a,3,7,,,7,,,,,5,6,,,,,,,,,,6,,,,3,,,,3,,,,,,"They could say theyre honest, but when theyre honest it could be mean and something they could of kept to themselves to spare someones feelings",2,english,19,FL_16|FL_13|FL_14|FL_12|FL_11|FL_15,SERunning,CIDark,BEHVicious,BEHCompassionate,ATTHonest,ATTVicious
2020-08-04 18:33:30,2020-08-04 18:36:38,0,130.209.6.41,100,187,1,2020-08-04 18:36:38,R_s7qyaNPsUsmzlCx,,,,,55.8802947998046875,-4.3054962158203125,anonymous,EN,1,5e136ffe3f29159bdd7e73ec,9,9,,,1,,,,,1,,6,,,,,5,,,,,,6,,,,,,,,,7,,,Running a machine etc,1,english,23,FL_16|FL_15|FL_12|FL_14|FL_13|FL_11,SERunning,CIDark,BEHReckless,BEHVirtuous,ATTVirtuous,ATTSelfish
2020-08-04 18:31:59,2020-08-04 18:36:40,0,90.222.93.184,100,281,1,2020-08-04 18:36:40,R_7VZ2TMIG7ndJjEJ,,,,,55.875396728515625,-4.35760498046875,anonymous,EN,1,5ec3fbdbbbc8e228f0c1586f,9,9,,,,9,,,1,,,,,,,9,,,,,1,,,,1,,,,,,,1,,,In the case that honesty is hurtful or Harmful.,2,"English ",21,FL_16|FL_14|FL_12|FL_13|FL_11|FL_15,SEWidow,CIHungry,BEHRude,BEHCompassionate,ATTHonest,ATTSelfish
2020-08-04 18:32:30,2020-08-04 18:36:42,0,86.178.56.43,100,251,1,2020-08-04 18:36:42,R_3nOT48veqzlmOjd,,,,,55.8466033935546875,-3.1927032470703125,anonymous,EN,1,5eee8e0f64dd261036cd7637,3,9,,,,7,6,,,,,,,6,,,6,,,,,,,,,4,,,,,3,,,,People sometimes say people are widows to other things such as hobbies etc eg a golf widow,2,"English ",39,FL_14|FL_16|FL_15|FL_13|FL_12|FL_11,SEWidow,CIDoor,BEHSelfish,BEHVirtuous,ATTGenerous,ATTManipulative
2020-08-04 18:32:13,2020-08-04 18:36:42,0,99.248.102.44,100,269,1,2020-08-04 18:36:42,R_AicvsmybQUmcvXH,,,,,43.9228057861328125,-78.86930084228515625,anonymous,EN,1,5e3a2048ca5cf32482c2b961,9,9,,9,,,1,,,,,3,,,,,,,1,,,,,,2,,,,7,,,,,,"They might be referring to her attitude during a sports game. Being ""vicious"" in a sport can be equated to being competitive or aggressive in attitude and gameplay, but no necessarily aggressive in a way that harms others.",2,English,25,FL_13|FL_14|FL_12|FL_15|FL_11|FL_16,SECouch,CIDoor,BEHReckless,BEHHonest,ATTHonest,ATTVicious
2020-08-04 18:32:33,2020-08-04 18:36:43,0,5.71.68.130,100,249,1,2020-08-04 18:36:43,R_12GrvsCI3H41LWx,,,,,51.516693115234375,-0.25,anonymous,EN,1,5f198fa72cfffe012a5e4536,9,9,,9,,,1,,,,7,,,,,,,,,8,,,,,,,,9,,,8,,,,a work meeting in which a group was peer assessing behaviour,2,english,18,FL_12|FL_11|FL_13|FL_15|FL_16|FL_14,SECouch,CIDoor,BEHVicious,BEHGenerous,ATTFriendly,ATTManipulative
2020-08-04 18:32:48,2020-08-04 18:36:43,0,92.40.172.80,100,234,1,2020-08-04 18:36:43,R_3s4YhKMGawMGUXU,,,,,51.49639892578125,-0.122406005859375,anonymous,EN,1,56815ef3c5767f00121d2088,2,9,,,,9,,,1,,,,,,,9,,,,,,6,,,,,6,,,,,5,,,maybe in a corporate environment,2,english,23,FL_11|FL_13|FL_15|FL_12|FL_16|FL_14,SEWidow,CIHungry,BEHRude,BEHFriendly,ATTCompassionate,ATTSelfish
2020-08-04 18:31:30,2020-08-04 18:36:47,0,86.173.52.108,100,317,1,2020-08-04 18:36:47,R_3sp2xdXfImCLY7m,,,,,52.5126953125,-1.3412933349609375,anonymous,EN,1,5e6414a256f27a1a3c0f3489,3,8,,,5,,,,,1,,,6,,,,,,,7,,,,,,,9,,,,,7,,,"The lad walks into a room and states ""It's dark in here"" this could just be a general statement telling the other people that the room is dark but doesn't mean he wants the lights to be turned on.",1,English,18,FL_14|FL_16|FL_11|FL_13|FL_15|FL_12,SERunning,CIDark,BEHManipulative,BEHGenerous,ATTCompassionate,ATTSelfish
2020-08-04 18:33:27,2020-08-04 18:36:55,0,82.42.90.115,100,207,1,2020-08-04 18:36:55,R_9spS1zoXAiODecF,,,,,54.9911956787109375,-1.533599853515625,anonymous,EN,1,5f04c905e9d8627a4b790811,3,1,,9,,,1,,,,,,2,,,,,,,,3,,9,,,,,,,,,,,9,"he could have done something to help someone, but it isn't necessarily a good thing that he's done. ",2,English,30,FL_11|FL_13|FL_16|FL_12|FL_15|FL_14,SECouch,CIDoor,BEHManipulative,BEHCompassionate,ATTVirtuous,ATTRude
2020-08-04 18:32:27,2020-08-04 18:36:55,0,213.205.196.173,100,268,1,2020-08-04 18:36:56,R_3CUvISvUjCxq3cb,,,,,53.567596435546875,-1.5839996337890625,anonymous,EN,1,5e14c7c3cbfadc000d032ddf,1,9,9,,,,,,,1,,,1,,,,,,,8,,,,,,,,2,,,1,,,,A flooded field could be perceived to be a lake,1,"English ",59,FL_16|FL_12|FL_13|FL_14|FL_15|FL_11,SELake,CIDark,BEHManipulative,BEHGenerous,ATTFriendly,ATTManipulative
2020-08-04 18:32:22,2020-08-04 18:37:05,0,84.71.159.169,100,282,1,2020-08-04 18:37:06,R_28Z3bvU46FArR4n,,,,,51.4886016845703125,-0.2162017822265625,anonymous,EN,1,5e13301b2fc4789631321ada,3,9,,,9,,,,,7,,,9,,,,,,9,,,,9,,,,,,,9,,,,,The only situation someone could have said that was if she was running on a treadmill,1,English,18,FL_12|FL_13|FL_16|FL_15|FL_14|FL_11,SERunning,CIDark,BEHManipulative,BEHHonest,ATTVirtuous,ATTReckless
2020-08-04 18:33:02,2020-08-04 18:37:19,0,216.185.86.94,100,256,1,2020-08-04 18:37:19,R_diGXVXsDeCN1bJn,,,,,43.2725982666015625,-79.87920379638671875,anonymous,EN,1,5dc0890a3a5e6c038ceb9f14,3,2,,,8,,,,,1,,,,,4,,6,,,,,,6,,,,,,,,,6,,,"Something could have been cruel but it could be necessary. Though even still it likely is negative behavior since cruelty implies intention. ",1,English,26,FL_15|FL_16|FL_11|FL_14|FL_12|FL_13,SERunning,CIDark,BEHCruel,BEHVirtuous,ATTVirtuous,ATTSelfish
2020-08-04 18:33:03,2020-08-04 18:37:23,0,142.162.52.99,100,259,1,2020-08-04 18:37:23,R_W9yQRbpJla8vm0h,,,,,45.9019927978515625,-66.7057037353515625,anonymous,EN,1,5d26643eebd0a9001a9fcd14,1,8,,9,,,,,9,,,,,9,,,,,,9,,,,,,9,,,,,,,1,,in a situation where someone is helping someone or giving them something,2,english,33,FL_15|FL_11|FL_12|FL_13|FL_16|FL_14,SECouch,CIHungry,BEHSelfish,BEHGenerous,ATTGenerous,ATTCruel
2020-08-04 18:33:10,2020-08-04 18:37:43,0,86.156.65.98,100,272,1,2020-08-04 18:37:43,R_1lh3HbywjxSI1j1,,,,,52.4496002197265625,-0.1136932373046875,anonymous,EN,1,5df7881161b48a506792a8ef,9,1,,,9,,1,,,,,,,,,9,,,,,7,,,9,,,,,,7,,,,,Could be he got a new door. an said there is the door. Meaning (new) door,2,English,48,FL_16|FL_15|FL_11|FL_14|FL_13|FL_12,SERunning,CIDoor,BEHRude,BEHCompassionate,ATTCourageous,ATTReckless
2020-08-04 18:33:25,2020-08-04 18:38:06,0,23.28.185.168,100,280,1,2020-08-04 18:38:06,R_2PdOo4PLALBrDUJ,,,,,41.246307373046875,-81.83100128173828125,anonymous,EN,1,5e9f18b24aba1b0853195e19,9,1,8,,,,,3,,,7,,,,,,,7,,,,,,8,,,,,,,,8,,,"saying someone is selfish is a negative trait. For someone to say that it was not a negative behavior, maybe that person was being selfish for a good reason, making it more of a positive.",2,english,31,FL_15|FL_12|FL_11|FL_14|FL_13|FL_16,SELake,CIChocolate,BEHVicious,BEHCourageous,ATTCourageous,ATTSelfish
2020-08-04 18:32:40,2020-08-04 18:38:27,0,213.205.196.153,100,347,1,2020-08-04 18:38:27,R_10N13tu8UzX8qMM,,,,,53.567596435546875,-1.5839996337890625,anonymous,EN,1,5b61c20bf591f30001803ecd,1,1,,,,9,1,,,,,,,,9,,,,1,,,,,,1,,,,,,,,,9,Abcdefgjijklmnopqrstuvwxyz,1,"English ",35,FL_14|FL_11|FL_16|FL_15|FL_12|FL_13,SEWidow,CIDoor,BEHCruel,BEHHonest,ATTHonest,ATTRude
2020-08-04 18:33:34,2020-08-04 18:38:57,0,80.4.59.123,100,323,1,2020-08-04 18:38:57,R_2zBlVrUxSolJxjw,,,,,53.5915069580078125,-2.393096923828125,anonymous,EN,1,56f2b78bed0cf6000c915e73,1,9,,9,,,,,,1,,,4,,,,,,,9,,,,,,,9,,,3,,,,,"Becky being restless could be  in a positive situation, eg she is excitedly waiting for her turn on a rollercoaster",2,English,56,FL_14|FL_13|FL_15|FL_12|FL_11|FL_16,SECouch,CIDark,BEHManipulative,BEHGenerous,ATTCompassionate,ATTReckless
2020-08-04 18:33:45,2020-08-04 18:38:58,0,86.153.106.229,100,312,1,2020-08-04 18:38:58,R_3nGA1KmQ2zNbPFW,,,,,55.998992919921875,-2.5381927490234375,anonymous,EN,1,5ea7428c3f70fe10be958461,6,6,,,7,,,,,3,,,,,,6,,,4,,,,4,,,,,,,,,6,,,"If they were working with a colleague and said they were rude but not necessarily to them but just to someone else, could have perceived it as rude",2,English,22,FL_15|FL_11|FL_14|FL_12|FL_16|FL_13,SERunning,CIDark,BEHRude,BEHHonest,ATTVirtuous,ATTSelfish
2020-08-04 18:33:25,2020-08-04 18:38:59,0,81.100.60.96,100,333,1,2020-08-04 18:38:59,R_31aCFA6SKrRW5EC,,,,,52.4918060302734375,-1.85980224609375,anonymous,EN,1,5c6c4fb581b557000190134a,1,9,,,,9,,3,,,,9,,,,,,,,,,9,,,,,9,,,,,,9,,"If they are shopping and there are options, just because something is cheap doesn't mean it would taste good or be the best thing to buy in that given situation. For example if they want to buy a gift for someone they may have other criteria to look out for. ",2,English,25,FL_16|FL_15|FL_14|FL_13|FL_11|FL_12,SEWidow,CIChocolate,BEHReckless,BEHFriendly,ATTCompassionate,ATTCruel
2020-08-04 18:32:57,2020-08-04 18:39:20,0,86.158.83.226,100,382,1,2020-08-04 18:39:20,R_1IotccNKc85NyLq,,,,,51.1385955810546875,-3.0001068115234375,anonymous,EN,1,5bf192725431290001de4ba3,4,9,9,,,,,,7,,,,,9,,,6,,,,,,,,,8,,,9,,,,,,A situation where someone says incredibly hurtful things deliberately to upset people without feeling any guilt.,2,English,40,FL_15|FL_14|FL_12|FL_13|FL_11|FL_16,SELake,CIHungry,BEHSelfish,BEHVirtuous,ATTGenerous,ATTVicious
2020-08-04 18:33:37,2020-08-04 18:40:01,0,75.156.138.76,100,384,1,2020-08-04 18:40:01,R_1NbpUkg19yFsWpG,,,,,50.91290283203125,-114.1027984619140625,anonymous,EN,1,5eeee2e9a0560c1bc4c6dd57,6,8,4,,,,,,,1,6,,,,,,,,3,,,,,2,,,,,,,7,,,,"referring to her attitude over the entire week but the single-day could have been any day that week - it may be a contradiction ",2,"english ",28,FL_12|FL_14|FL_15|FL_11|FL_16|FL_13,SELake,CIDark,BEHVicious,BEHHonest,ATTCourageous,ATTManipulative
2020-08-04 18:24:35,2020-08-04 18:40:08,0,95.151.124.117,100,933,1,2020-08-04 18:40:08,R_T4P0cTey3XpaLp7,,,,,53.350006103515625,-2.3332977294921875,anonymous,EN,1,5dd138b1cf08aa1bd37f6246,2,9,,,8,,,,2,,,8,,,,,,,,,9,,,8,,,,,,,,,9,,Someone who believes people's behaviour might not be who they truely are,2,English,31,FL_15|FL_13|FL_12|FL_11|FL_14|FL_16,SERunning,CIHungry,BEHReckless,BEHCompassionate,ATTCourageous,ATTCruel
2020-08-04 18:33:45,2020-08-04 18:40:41,0,89.19.67.16,100,415,1,2020-08-04 18:40:41,R_tEUIOJWt6acceJP,,,,,53.33380126953125,-6.2487945556640625,anonymous,EN,1,5f24884488fe3a06e81e4631,1,9,,9,,,,1,,,,,,9,,,,3,,,,,,,,,,9,9,,,,,,"Courageous is usually a good thing, but she could have been saying something that took courage but was not a good thing to say. For example something racist or homophobic. Or she could have done something that took courage but lead to something bad like her death.",2,English,35,FL_11|FL_12|FL_13|FL_15|FL_16|FL_14,SECouch,CIChocolate,BEHSelfish,BEHCourageous,ATTFriendly,ATTVicious
2020-08-04 18:31:02,2020-08-04 18:44:19,0,75.159.228.73,100,796,1,2020-08-04 18:44:19,R_XEWdsaIT14unNCh,,,,,53.488006591796875,-113.47969818115234375,anonymous,EN,1,5b0f33dd1e55760001b9a9ce,1,9,,9,,,,1,,,,,9,,,,,,,,,9,,,,9,,,,9,,,,,"I guess they could have said that he's very generous, but still meant it as a criticism potentially in the sense that they think he is too generous, such as not being careful who he lends things to (and thus doesn't get them back).  However, by definition being ""very generous"" would be a positive thing, so I still would argue that there is a contradiction because even if they mean to be critical and imply that he's being too generous, they are still saying he's generous (shares with other people), so by definition there is still something positive within that descriptor even if they then went on to criticize him for being *too* generous, so I don't agree that there isn't a contradiction in the original statement (I there is still a contradiction there, because simply saying someone is generous is a positive thing, even if they then went on to criticize them for being overly generous, they've still said something positive just by using the word generous.).",1,English,41,FL_11|FL_14|FL_12|FL_16|FL_13|FL_15,SECouch,CIChocolate,BEHManipulative,BEHFriendly,ATTGenerous,ATTReckless
2020-08-04 18:43:53,2020-08-04 18:47:16,0,72.138.248.130,100,202,1,2020-08-04 18:47:16,R_T0FWHiGXzDBnuVP,,,,,43.8784027099609375,-79.26419830322265625,anonymous,EN,1,5604329ae372c00011bd4eed,3,9,,,,9,5,,,,,9,,,,,3,,,,,,,9,,,,,,,,,,9,They could actually be asking them to leave but it could also be a door to any other room in the building,1,English,29,FL_14|FL_11|FL_13|FL_16|FL_15|FL_12,SEWidow,CIDoor,BEHReckless,BEHVirtuous,ATTCourageous,ATTRude
2020-08-04 18:26:27,2020-08-04 18:54:19,0,216.151.184.55,100,1671,1,2020-08-04 18:54:19,R_1K8CO8zuVhmGrNN,,,,,43.664398193359375,-79.41950225830078125,anonymous,EN,1,5ecd29adfff54e04e406d68f,9,9,,,,9,,,9,,,9,,,,,,,,9,,,,,9,,,,9,,,,,,If the person died a long time ago,1,English,35,FL_12|FL_14|FL_16|FL_15|FL_13|FL_11,SEWidow,CIHungry,BEHReckless,BEHGenerous,ATTHonest,ATTVicious
